slug,theme,title,formula,base,dataset,weight,kind,domain,unit,agencies,headline,headline_order,sex_age_of,edu_emp_of,source
acceptance_as_spouse,Social Cohesion,Would accept the other ethnicity as a spouse (UNDP),% of respondents interviewed who would accept the other ethnicity as a spouse or marriage partner (agree or strongly agree),Respondents interviewed; don't know and refused excluded,individual,indweight_m3_final,binary,living conditions,Respondents interviewed,UNDP,,,respondent,respondent,UNDP
acceptance_as_neighbours,Social Cohesion,Would accept the other ethnicity as neighbours (UNDP),% of respondents interviewed who would accept the other ethnicity as neighbours (agree or strongly agree),Respondents interviewed; don't know and refused excluded,individual,indweight_m3_final,binary,living conditions,Respondents interviewed,UNDP,Yes,6,respondent,respondent,UNDP
acceptance_as_close_friends,Social Cohesion,Would accept the other ethnicity as close friends (UNDP),% of respondents interviewed who would accept the other ethnicity as close friends (agree or strongly agree),Respondents interviewed; don't know and refused excluded,individual,indweight_m3_final,binary,living conditions,Respondents interviewed,UNDP,,,respondent,respondent,UNDP
acceptance_as_co_workers,Social Cohesion,Would accept the other ethnicity as co-workers (UNDP),% of respondents interviewed who would accept the other ethnicity as co-workers (agree or strongly agree),Respondents interviewed; don't know and refused excluded,individual,indweight_m3_final,binary,living conditions,Respondents interviewed,UNDP,,,respondent,respondent,UNDP
social_distance_score_closest_accepted_r,Social Cohesion,Closest accepted relationship with the other ethnicity (UNDP),"Among respondents interviewed: average closest relationship accepted with someone from the other ethnicity (1=spouse, 2=friend, 3=neighbour, 4=co-worker, 5=none). Neither counts as No.",Respondents interviewed with valid answers on all four relationship items,individual,indweight_m3_final,mean,living conditions,Respondents interviewed,UNDP,,,respondent,respondent,UNDP
bribes_never_necessary_with_police,Governance,Bribes never necessary with police (UNDP),% of respondents interviewed who say bribes are never necessary when dealing with the police,Respondents interviewed; don't know and refused excluded,individual,indweight_m3_final,binary,living conditions,Respondents interviewed,UNDP,,,respondent,respondent,UNDP
bribes_never_necessary_for_official_docu,Governance,Bribes never necessary for official documents (UNDP),% of respondents interviewed who say bribes are never necessary to obtain official documents,Respondents interviewed; don't know and refused excluded,individual,indweight_m3_final,binary,living conditions,Respondents interviewed,UNDP,,,respondent,respondent,UNDP
bribes_never_necessary_for_medical_treat,Governance,Bribes never necessary for medical treatment (UNDP),% of respondents interviewed who say bribes are never necessary to get medical treatment,Respondents interviewed; don't know and refused excluded,individual,indweight_m3_final,binary,living conditions,Respondents interviewed,UNDP,,,respondent,respondent,UNDP
bribes_never_necessary_for_school_servic,Governance,Bribes never necessary for school services (UNDP),% of respondents interviewed who say bribes are never necessary for school services,Respondents interviewed; don't know and refused excluded,individual,indweight_m3_final,binary,living conditions,Respondents interviewed,UNDP,,,respondent,respondent,UNDP
women_have_money_of_their_own,Women's Empowerment,Women with financial independence (UNDP),% of female respondents interviewed who have money of their own that they alone decide how to use,Female respondents interviewed; don't know and refused excluded,individual,indweight_m3_final,binary,living conditions,Female respondents interviewed,UNDP,Yes,7,respondent,respondent,UNDP
women_make_spending_decisions_themselves,Women's Empowerment,Women with financial autonomy (UNDP),% of female respondents interviewed who have money of their own and decide mostly alone how to spend it,Female respondents interviewed; don't know and refused excluded,individual,indweight_m3_final,binary,living conditions,Female respondents interviewed,UNDP,,,respondent,respondent,UNDP
makes_ends_meet_with_difficulty,Economic Security,"Household makes ends meet with difficulty (UNDP, FRA)",% of household members living in a household that makes ends meet with difficulty or great difficulty,All members of surveyed households,member,hhweight_final,binary,living conditions,All members of surveyed households,"UNDP, FRA",Yes,5,person,household head,UNDP
months_household_can_live_off_savings,Economic Security,Months household can live off savings (UNDP),Among households: weighted average number of months the household could live off savings if income stopped,Surveyed households with a valid months-of-savings answer; don't know and refused excluded,household,hhweight_final,mean,living conditions,Surveyed households,UNDP,,,household head,household head,UNDP
no_emergency_funding_source,Economic Security,No emergency funding source (UNDP),% of respondents interviewed who could turn to no one for emergency funding,Respondents interviewed; don't know and refused excluded,individual,indweight_m3_final,binary,living conditions,Respondents interviewed,UNDP,,,respondent,respondent,UNDP
own_savings_as_emergency_source,Economic Security,Own savings as emergency source (UNDP),% of respondents interviewed who would use own savings as the main emergency funding source,Respondents interviewed; don't know and refused excluded,individual,indweight_m3_final,binary,living conditions,Respondents interviewed,UNDP,,,respondent,respondent,UNDP
smartphone_ownership,Digital Inclusion,Smartphone ownership (UNDP),% of respondents interviewed who personally own a smartphone,Respondents interviewed; don't know and refused excluded,individual,indweight_m3_final,binary,living conditions,Respondents interviewed,UNDP,,,respondent,respondent,UNDP
internet_access_at_home,Digital Inclusion,Personal internet access at home (UNDP),% of respondents interviewed who have internet access at home for personal use,Respondents interviewed; don't know and refused excluded,individual,indweight_m3_final,binary,living conditions,Respondents interviewed,UNDP,,,respondent,respondent,UNDP
can_buy_something_for_themselves,Material Deprivation,Can buy something for themselves (UNDP),% of respondents interviewed who can spend a small amount of money on themselves each week,Respondents interviewed; don't know and refused excluded,individual,indweight_m3_final,binary,living conditions,Respondents interviewed,UNDP,,,respondent,respondent,UNDP
child_enrolled_in_daycare,Early Childhood,Child enrolled in daycare (UNDP),% of household members aged 0–5 enrolled in organised daycare or preschool,"All children in the surveyed households, who are aged 0–5 with a valid enrolment answer; don't know and refused excluded",member,hhweight_final,binary,education,All children in the surveyed households,UNDP,Yes,3,person,household head,UNDP
daycare_too_expensive,Early Childhood,Daycare too expensive (UNDP),% of household members who are non-enrolled children aged 0–5 for whom daycare is too expensive,"All children in the surveyed households, who are aged 0–5 and not enrolled in daycare",member,hhweight_final,binary,education,All children in the surveyed households,UNDP,,,person,household head,UNDP
no_daycare_nearby,Early Childhood,No daycare nearby (UNDP),% of household members who are non-enrolled children aged 0–5 for whom no daycare is available nearby,"All children in the surveyed households, who are aged 0–5 and not enrolled in daycare",member,hhweight_final,binary,education,All children in the surveyed households,UNDP,,,person,household head,UNDP
environmental_health_consequences,Environment,Environmental health consequences (UNDP),% of household members living in a household that reports health consequences from environmental problems,All members of surveyed households; don't know and refused excluded,member,hhweight_final,binary,health,All members of surveyed households,UNDP,Yes,5,person,household head,UNDP
affected_by_floods_mudslides,Environment,Affected by floods/mudslides (UNDP),"% of households somewhat or very much affected by floods, mudflows or landslides",Surveyed households; don't know and refused excluded,household,hhweight_final,binary,living conditions,Surveyed households,UNDP,,,household head,household head,UNDP
would_consider_moving_again,Migration,Migration intent (UNDP),% of respondents interviewed who would consider moving (again),Respondents interviewed; don't know and refused excluded,individual,indweight_m3_final,binary,living conditions,Respondents interviewed,UNDP,,,respondent,respondent,UNDP
refugee_displaced_due_to_conflict,Migration,Refugee/displaced due to conflict (UNDP),% of household members living in a household with members who are refugees or internally displaced because of conflict,All members of surveyed households; don't know and refused excluded,member,hhweight_final,binary,living conditions,All members of surveyed households,UNDP,,,person,household head,UNDP
household_had_self_employment_income,Livelihoods,Household received self-employment income (UNDP),% of households that received self-employment income,Surveyed households; don't know and refused excluded,household,hhweight_final,binary,work and employment,Surveyed households,UNDP,Yes,4,household head,household head,UNDP
produces_vegetables_for_own_consumption,Livelihoods,Produces vegetables for own consumption (UNDP),% of households that produce vegetables for their own consumption,Surveyed households; don't know and refused excluded,household,hhweight_final,binary,work and employment,Surveyed households,UNDP,,,household head,household head,UNDP
disability_pension_recipients,Social Protection,Disability pension recipients (UNDP),% of households that receive a disability pension,"Surveyed households; don't know and refused on pension receipt (and type, if asked) excluded",household,hhweight_final,binary,living conditions,Surveyed households,UNDP,,,household head,household head,UNDP
child_family_benefit_recipients,Social Protection,Child/family benefit recipients (UNDP),% of households that receive child or family benefits,"Surveyed households; don't know and refused on social assistance (and type, if asked) excluded",household,hhweight_final,binary,living conditions,Surveyed households,UNDP,,,household head,household head,UNDP
last_resort_assistance_recipients,Social Protection,Last-resort assistance recipients (UNDP),% of households that receive last-resort assistance,"Surveyed households; don't know and refused on social assistance (and type, if asked) excluded",household,hhweight_final,binary,living conditions,Surveyed households,UNDP,,,household head,household head,UNDP
educational_attainment,Education,Undereducated member in the household (UNDP),% of household members living in a household where at least one adult aged 18–65 has not completed secondary education,All members of surveyed households; household is deprived if any qualifying member has below-secondary education,member,hhweight_final,binary,education,All members of surveyed households,UNDP,,,person,household head,UNDP MPI
completed_secondary_education_ages_18_65,Education,"Completed secondary education, ages 18–65 (UNDP)","% of household members aged 18–65 who have completed secondary education (same A9 cut as FRA EDUMAX, wider age)",All members of surveyed households aged 18–65 with a valid education answer,member,hhweight_final,binary,education,All members of surveyed households,UNDP,Yes,1,person,person,UNDP MPI
school_attendance,Education,Children living in households where not all 6–15 kids attend school (UNDP),"% of household members living in a household where at least one child aged 6–15 has temporarily left or permanently stopped school (B1 in 10, 11 or 12)",All members of surveyed households; children aged 6–15 who have temporarily left or permanently stopped school,member,hhweight_final,binary,education,All members of surveyed households,UNDP,,,person,household head,UNDP MPI
school_attendance_ages_6_15,Education,"School attendance, ages 6–15 (UNDP)",% of household members aged 6–15 who are currently attending school (B1 in 1–9). Person-level among those with a classifiable current-education answer (B1 in 1–12).,"All children in the surveyed households, who are aged 6–15 with a classifiable current-education answer",member,hhweight_final,binary,education,All children in the surveyed households,UNDP,Yes,2,person,household head,UNDP MPI
preschool_education,Education,Preschool education in the household (UNDP),% of household members living in a household with a five-year-old where that child is not enrolled in organised preschool or daycare,All members of surveyed households in households with at least one child aged 5 and a valid enrolment answer,member,hhweight_final,binary,education,All members of surveyed households,UNDP,,,person,household head,UNDP MPI
youth_neet,Employment,People living in households with a youth NEET (ages 15–29) (UNDP),"% of household members living in a household where at least one young person aged 15–29 is not in education, employment or training",All members of surveyed households,member,hhweight_final,binary,work and employment,All members of surveyed households,UNDP,,,person,household head,UNDP MPI
health_access_unmet_medical_need,Health,Unmet medical need in the past year (UNDP),% of respondents interviewed who needed a medical examination or treatment in the past year and did not receive it on at least one occasion,Respondents interviewed with a valid answer on need for and receipt of care,individual,indweight_m3_final,binary,health,Respondents interviewed,UNDP,Yes,3,respondent,respondent,UNDP MPI
health_service_quality,Health,Unsatisfactory quality of care received (UNDP),% of respondents interviewed who received medical care and said the quality was not always or never satisfactory,Respondents interviewed who received medical care and rated its quality,individual,indweight_m3_final,binary,health,Respondents interviewed,UNDP,Yes,4,respondent,respondent,UNDP MPI
medical_insurance,Health,People living in households where not all members have medical insurance (UNDP),% of household members living in a household where at least one member has no medical insurance,All members of surveyed households,member,hhweight_final,binary,health,All members of surveyed households,UNDP,,,person,household head,UNDP MPI
food_insecurity,Nutrition,Severe food insecurity in the household (hungry and a whole day without eating) (UNDP),"% of household members living in a household where, because of lack of money, someone was hungry but did not eat and someone went a whole day without eating",All members of surveyed households,member,hhweight_final,binary,living conditions,All members of surveyed households,UNDP,Yes,2,person,household head,UNDP MPI
unemployment_and_seasonal_occasional_employment,Employment,Household members affected by job insecurity of a household member (UNDP),% of household members living in a household where at least one working-age member (16–64) is unemployed or only seasonally/occasionally employed,All members of surveyed households; working age defined as 16–64 for all sexes,member,hhweight_final,binary,work and employment,All members of surveyed households,UNDP,,,person,household head,UNDP MPI
informal_employment,Employment,People living in households with informal employment (UNDP),% of household members living in a household where at least one employed member has no written contract or no social contributions paid for the job,All members of surveyed households,member,hhweight_final,binary,work and employment,All members of surveyed households,UNDP,,,person,household head,UNDP MPI
child_and_adolescent_labour_proxy,Employment,People living in households where at least one child or adolescent (ages 5–17) performs some economic activity (UNDP),% of household members living in a household where at least one child or adolescent aged 5–17 is engaged in economic activity,"All members of surveyed households; household counted if at least one child or adolescent aged 5–17 is engaged in economic activity (proxy, not a full child-labour module)",member,hhweight_final,binary,work and employment,All members of surveyed households,UNDP,,,person,household head,UNDP MPI
access_to_drinking_water,Housing / WASH,No piped drinking water inside the dwelling (UNDP),% of household members living in a household whose main drinking water is not piped inside the dwelling,All members of surveyed households; don't know and refused on water source excluded,member,hhweight_final,binary,living conditions,All members of surveyed households,UNDP,,,person,household head,UNDP MPI
access_to_basic_sanitation_public_sewerage,Housing / WASH,Not connected to public sewerage (UNDP),% of household members living in a household not connected to the public sewerage network,All members of surveyed households,member,hhweight_final,binary,living conditions,All members of surveyed households,UNDP,,,person,household head,UNDP MPI
indoor_toilet_companion,Housing / WASH,No toilet inside the dwelling (UNDP),% of household members living in a household with no toilet inside the dwelling,All members of surveyed households,member,hhweight_final,binary,living conditions,All members of surveyed households,UNDP,Yes,4,person,household head,UNDP MPI
ability_to_keep_home_adequately_warm,Housing / WASH,Cannot afford to keep the home adequately warm (UNDP),% of household members living in a household that cannot afford to keep the home adequately warm,All members of surveyed households; don't know and refused excluded,member,hhweight_final,binary,living conditions,All members of surveyed households,UNDP,,,person,household head,UNDP MPI
garbage_disposal,Housing / WASH,No public garbage collection (UNDP),% of household members living in a household without public garbage collection,All members of surveyed households,member,hhweight_final,binary,living conditions,All members of surveyed households,UNDP,,,person,household head,UNDP MPI
overcrowding,Housing / WASH,Overcrowding (less than 9 m² per person) (UNDP),% of household members living in a household with less than 9 m² of living space per person,All members of surveyed households with a valid dwelling size and household size,member,hhweight_final,binary,living conditions,All members of surveyed households,UNDP,Yes,3,person,household head,UNDP MPI
housing_defects,Housing / WASH,Housing defects (UNDP),"% of household members living in a household with leaking roof, damp walls/floors/foundation, or rot in window frames or floor",All members of surveyed households,member,hhweight_final,binary,living conditions,All members of surveyed households,UNDP,,,person,household head,UNDP MPI
internet_access,Housing / WASH,People living in a household with no internet access (UNDP),% of household members living in a household without internet access at home,All members of surveyed households,member,hhweight_final,binary,living conditions,All members of surveyed households,UNDP,,,person,household head,UNDP MPI
durables,Housing / WASH,People living in a household with at most one durable good (UNDP),"% of household members living in a household that owns at most one of: washing machine, TV, computer, car, or phone",All members of surveyed households,member,hhweight_final,binary,living conditions,All members of surveyed households,UNDP,,,person,household head,UNDP MPI
no_bank_account,Financial / social,"People living in a household with no bank account (UNDP, FRA)",% of household members aged 16+ living in a household with no bank account,All members of surveyed households aged 16+; based on whether anyone in the household has a bank account,member,hhweight_final,binary,living conditions,All members of surveyed households,"UNDP, FRA",,,person,household head,UNDP MPI
household_arrears,Financial / social,People living in a household that is in arrears (UNDP),"% of household members living in a household that was more than once in arrears on housing, utility or related payments",All members of surveyed households,member,hhweight_final,binary,living conditions,All members of surveyed households,UNDP,,,person,household head,UNDP MPI
cannot_afford_unexpected_expenses,EU-SILC material and social deprivation,Cannot afford unexpected expenses (UNDP),% of household members living in a household that cannot afford an unexpected required expense,All members of surveyed households; don't know and refused excluded,member,hhweight_final,binary,living conditions,All members of surveyed households,UNDP,,,person,household head,UNDP
cannot_afford_a_one_week_holiday,EU-SILC material and social deprivation,Cannot afford a one-week holiday (UNDP),% of household members living in a household that cannot afford a one-week annual holiday away from home,All members of surveyed households; don't know and refused excluded,member,hhweight_final,binary,living conditions,All members of surveyed households,UNDP,,,person,household head,UNDP
cannot_afford_a_meal_with_meat_chicken_or_fish_e,EU-SILC material and social deprivation,"Cannot afford a meal with meat, chicken or fish every second day (UNDP)","% of household members living in a household that cannot afford a meal with meat, chicken, fish (or vegetarian equivalent) every second day",All members of surveyed households; don't know and refused excluded,member,hhweight_final,binary,living conditions,All members of surveyed households,UNDP,,,person,household head,UNDP
cannot_afford_to_keep_the_home_adequately_warm,EU-SILC material and social deprivation,Cannot afford to keep the home adequately warm (UNDP),% of household members living in a household that cannot afford to keep the home adequately warm,All members of surveyed households; don't know and refused excluded,member,hhweight_final,binary,living conditions,All members of surveyed households,UNDP,,,person,household head,UNDP
cannot_afford_to_replace_worn_out_furniture,EU-SILC material and social deprivation,Cannot afford to replace worn-out furniture (UNDP),% of household members living in a household that cannot afford to replace worn-out furniture,All members of surveyed households; don't know and refused excluded,member,hhweight_final,binary,living conditions,All members of surveyed households,UNDP,,,person,household head,UNDP
arrears_on_housing_utility_or_hire_purchase_paym,EU-SILC material and social deprivation,"Arrears on housing, utility or hire-purchase payments (UNDP)","% of household members living in a household with arrears on mortgage, rent, utility bills or hire-purchase payments",All members of surveyed households,member,hhweight_final,binary,living conditions,All members of surveyed households,UNDP,,,person,household head,UNDP
cannot_afford_a_car_or_van,EU-SILC material and social deprivation,Cannot afford a car or van (UNDP),% of household members living in a household that cannot afford a car or van,All members of surveyed households; don't know and refused excluded,member,hhweight_final,binary,living conditions,All members of surveyed households,UNDP,,,person,household head,UNDP
cannot_afford_to_replace_worn_out_clothes,EU-SILC material and social deprivation,Cannot afford to replace worn-out clothes (UNDP),% of respondents interviewed who cannot afford to replace worn-out clothes,Respondents interviewed; don't know and refused excluded,individual,indweight_m3_final,binary,living conditions,Respondents interviewed,UNDP,,,respondent,respondent,UNDP
cannot_afford_two_pairs_of_properly_fitting_shoe,EU-SILC material and social deprivation,Cannot afford two pairs of properly fitting shoes (UNDP),% of respondents interviewed who cannot afford two pairs of properly fitting shoes,Respondents interviewed; don't know and refused excluded,individual,indweight_m3_final,binary,living conditions,Respondents interviewed,UNDP,,,respondent,respondent,UNDP
cannot_afford_a_small_amount_of_money_for_person,EU-SILC material and social deprivation,Cannot afford a small amount of money for personal spending each week (UNDP),% of respondents interviewed who cannot afford to spend a small amount of money on themselves each week,Respondents interviewed; don't know and refused excluded,individual,indweight_m3_final,binary,living conditions,Respondents interviewed,UNDP,,,respondent,respondent,UNDP
cannot_afford_a_regular_leisure_activity,EU-SILC material and social deprivation,Cannot afford a regular leisure activity (UNDP),% of respondents interviewed who cannot afford a regular leisure activity,Respondents interviewed; don't know and refused excluded,individual,indweight_m3_final,binary,living conditions,Respondents interviewed,UNDP,,,respondent,respondent,UNDP
cannot_afford_to_get_together_with_friends_or_fa,EU-SILC material and social deprivation,Cannot afford to get together with friends or family at least once a month (UNDP),% of respondents interviewed who cannot afford to get together with friends or family for a drink or meal at least once a month,Respondents interviewed; don't know and refused excluded,individual,indweight_m3_final,binary,living conditions,Respondents interviewed,UNDP,,,respondent,respondent,UNDP
cannot_afford_internet_access_at_home_for_person,EU-SILC material and social deprivation,Cannot afford internet access at home for personal use (UNDP),% of respondents interviewed who cannot afford internet access at home for personal use,Respondents interviewed; don't know and refused excluded,individual,indweight_m3_final,binary,living conditions,Respondents interviewed,UNDP,,,respondent,respondent,UNDP
material_and_social_deprivation_lacking_5_or_mor,EU-SILC material and social deprivation,Material and social deprivation (5 or more of 13 items) (UNDP),% of respondents interviewed who cannot afford at least 5 of the 13 Eurostat/EU-SILC material and social deprivation items,Respondents interviewed with a complete 13-item deprivation profile (household and personal items combined),individual,indweight_m3_final,binary,living conditions,Respondents interviewed,UNDP,,,respondent,respondent,UNDP
severe_material_and_social_deprivation_lacking_7,EU-SILC material and social deprivation,Severe material and social deprivation (7 or more of 13 items) (UNDP),% of respondents interviewed who cannot afford at least 7 of the 13 Eurostat/EU-SILC material and social deprivation items,Respondents interviewed with a complete 13-item deprivation profile (household and personal items combined),individual,indweight_m3_final,binary,living conditions,Respondents interviewed,UNDP,Yes,1,respondent,respondent,UNDP
wb_employed_15_64,Employment,"Employed last week (ILO, ages 15–64) (World Bank)","% of household members aged 15–64 who are employed in the ILO reference-week sense (paid work last week, temporarily absent from a job, or about to start work)",All members of surveyed households aged 15–64 with a classifiable employment status,member,hhweight_final,binary,work and employment,All members of surveyed households,World Bank,,,person,person,World Bank
wb_unemployed_15_64,Employment,"Unemployed, ages 15–64 (World Bank)","% of household members aged 15–64 who are unemployed (ILO: not employed, searched in the last 4 weeks and available, or waiting on a job interview)",All members of surveyed households aged 15–64 with a classifiable employment status,member,hhweight_final,binary,work and employment,All members of surveyed households,World Bank,Yes,2,person,person,World Bank
wb_inactive_15_64,Employment,Inactive (15–64) (World Bank),% of household members aged 15–64 who are economically inactive,All members of surveyed households aged 15–64 with a classifiable employment status,member,hhweight_final,binary,work and employment,All members of surveyed households,World Bank,,,person,person,World Bank
wb_employed_25_64,Employment,Employed (25–64) (World Bank),% of household members aged 25–64 who are employed (paid work),All members of surveyed households aged 25–64 with a classifiable employment status,member,hhweight_final,binary,work and employment,All members of surveyed households,World Bank,,,person,person,World Bank
wb_unemployed_25_64,Employment,Unemployed (25–64) (World Bank),% of household members aged 25–64 who are unemployed,All members of surveyed households aged 25–64 with a classifiable employment status,member,hhweight_final,binary,work and employment,All members of surveyed households,World Bank,,,person,person,World Bank
wb_inactive_25_64,Employment,Inactive (25–64) (World Bank),% of household members aged 25–64 who are economically inactive,All members of surveyed households aged 25–64 with a classifiable employment status,member,hhweight_final,binary,work and employment,All members of surveyed households,World Bank,,,person,person,World Bank
wb_employed_15_24,Employment,Employed (15–24) (World Bank),% of household members aged 15–24 who are employed (paid work),All members of surveyed households aged 15–24 with a classifiable employment status,member,hhweight_final,binary,work and employment,All members of surveyed households,World Bank,,,person,person,World Bank
wb_unemployed_15_24,Employment,Unemployed (15–24) (World Bank),% of household members aged 15–24 who are unemployed,All members of surveyed households aged 15–24 with a classifiable employment status,member,hhweight_final,binary,work and employment,All members of surveyed households,World Bank,,,person,person,World Bank
wb_inactive_in_education_15_24,Employment,Inactive in education (15–24) (World Bank),% of household members aged 15–24 who are inactive and in education,All members of surveyed households aged 15–24,member,hhweight_final,binary,work and employment,All members of surveyed households,World Bank,,,person,person,World Bank
wb_neet_inactive_not_in_education_15_24,Employment,NEET inactive not in education (15–24) (World Bank),% of household members aged 15–24 who are inactive and not in education,All members of surveyed households aged 15–24,member,hhweight_final,binary,work and employment,All members of surveyed households,World Bank,,,person,person,World Bank
wb_neet_15_24,Employment,"NEET, ages 15–24 (World Bank)",% of household members aged 15–24 who are not employed and not enrolled in education or training,All members of surveyed households aged 15–24,member,hhweight_final,binary,work and employment,All members of surveyed households,World Bank,Yes,1,person,person,World Bank
wb_no_medical_insurance,Health,No medical insurance (World Bank),% of household members with no medical insurance,All members of surveyed households with a valid insurance answer,member,hhweight_final,binary,health,All members of surveyed households,World Bank,Yes,1,person,person,World Bank
wb_bad_or_very_bad_self_rated_health,Health,Bad or very bad self-rated health (World Bank),% of household members who rate their health as bad or very bad,All members of surveyed households with a valid self-rated health answer,member,hhweight_final,binary,health,All members of surveyed households,World Bank,Yes,2,person,person,World Bank
wb_overcrowded_persons_per_room_1,Housing,Overcrowded (persons per room >1) (World Bank),% of household members living in dwellings with more than one person per room,All members of surveyed households with rooms information,member,hhweight_final,binary,living conditions,All members of surveyed households,World Bank,,,person,household head,World Bank
wb_severely_overcrowded_persons_per_room_2,Housing,Severely overcrowded (persons per room >2) (World Bank),% of household members living in dwellings with more than two persons per room,All members of surveyed households with rooms information,member,hhweight_final,binary,living conditions,All members of surveyed households,World Bank,,,person,household head,World Bank
wb_hunger_risk_cannot_afford_meat_every_second_d,Nutrition,Hunger risk (cannot afford meat every second day) (World Bank),"% of household members living in a household that cannot afford a meal with meat, chicken or fish every second day",All members of surveyed households,member,hhweight_final,binary,living conditions,All members of surveyed households,World Bank,,,person,household head,World Bank
wb_severe_hunger_risk_went_to_bed_hungry,Nutrition,Severe hunger in the household (went to bed hungry) (World Bank),% of household members living in a household where someone went to bed hungry because of lack of money for food,All members of surveyed households,member,hhweight_final,binary,living conditions,All members of surveyed households,World Bank,,,person,household head,World Bank
wb_informal_employment_employed_15_64,Employment,"Informal employment among employed, ages 15–64 (World Bank)","% of household members aged 15–64 who are employed and whose job is informal (no written contract and/or no social contributions, depending on job type)","All members of surveyed households aged 15–64 who are employed, with a classifiable job status",member,hhweight_final,binary,work and employment,All members of surveyed households,World Bank,Yes,3,person,person,World Bank
wb_no_documentation_no_valid_id_or_passport,Documentation,Has identity documentation (ID card or passport) (World Bank),"% of household members who have a valid or expired identity card or passport. No documentation = neither document, or no ID and passport missing. Expired counts as documented.",All members of surveyed households with a classifiable documentation answer (selected-adult weight),member,indweight_m3_final,binary,discrimination,All members of surveyed households,World Bank,Yes,7,person,person,World Bank
wb_past_year_discrimination_ethnicity_skin_colou,Discrimination,Discriminated against in the past year because of ethnicity or skin colour (ethnic ground) (World Bank),"% of respondents interviewed who say they were discriminated against in the past year because of ethnicity, skin colour or language (ethnic ground; any situation; not domain-specific). Roma and non-Roma can both score this.",Respondents interviewed who answered yes or no on this ground,individual,indweight_m3_final,binary,discrimination,Respondents interviewed,World Bank,Yes,1,respondent,respondent,World Bank
wb_past_year_discrimination_gender,Discrimination,Discriminated against in the past year because of gender (World Bank),% of respondents interviewed who say they were discriminated against in the past year because of gender,Respondents interviewed who answered yes or no on this ground,individual,indweight_m3_final,binary,discrimination,Respondents interviewed,World Bank,,,respondent,respondent,World Bank
wb_past_year_discrimination_sexual_orientation_o,Discrimination,Discriminated against in the past year because of sexual orientation or gender identity (World Bank),% of respondents interviewed who say they were discriminated against in the past year because of sexual orientation or gender identity,Respondents interviewed who answered yes or no on this ground,individual,indweight_m3_final,binary,discrimination,Respondents interviewed,World Bank,,,respondent,respondent,World Bank
wb_past_year_discrimination_disability_health,Discrimination,Discriminated against in the past year because of disability or health (World Bank),% of respondents interviewed who say they were discriminated against in the past year because of disability or health,Respondents interviewed who answered yes or no on this ground,individual,indweight_m3_final,binary,discrimination,Respondents interviewed,World Bank,,,respondent,respondent,World Bank
wb_past_year_discrimination_another_reason,Discrimination,Discriminated against in the past year because of another reason (World Bank),% of respondents interviewed who say they were discriminated against in the past year because of another reason,Respondents interviewed who answered yes or no on this ground,individual,indweight_m3_final,binary,discrimination,Respondents interviewed,World Bank,,,respondent,respondent,World Bank
wb_any_past_year_discrimination_any_ground,Discrimination,Discriminated against in the past year (any ground) (World Bank),"% of respondents interviewed who report discrimination or harassment in the past year on any ground (ethnicity/skin colour, gender, SOGI, age, religion, disability/health, migration, or another reason). Roma and non-Roma can both score this.",Respondents interviewed,individual,indweight_m3_final,binary,discrimination,Respondents interviewed,World Bank,Yes,6,respondent,respondent,World Bank
wb_job_seeking_discrimination_past_5_years_among,Discrimination,Discrimination when looking for work in the past 5 years (any ground) (World Bank),"% of respondents interviewed who looked for work in the past 5 years and were discriminated against when looking for work on any ground (ethnicity/being Roma or other reasons such as gender, age, disability)",Respondents interviewed who were at risk of job-seeking discrimination,individual,indweight_m3_final,binary,discrimination,Respondents interviewed,World Bank,,,respondent,respondent,World Bank
wb_at_work_discrimination_past_5_years_among_at_,Discrimination,Discrimination at work in the past 5 years (any ground) (World Bank),"% of respondents interviewed who had a job in the past 5 years and were discriminated against at work on any ground (ethnicity/being Roma or other reasons such as gender, age, disability)",Respondents interviewed who were at risk of workplace discrimination,individual,indweight_m3_final,binary,discrimination,Respondents interviewed,World Bank,,,respondent,respondent,World Bank
fra_matdepr4,Severe material deprivation (FRA Framework),Severe material deprivation (cannot afford ≥4 of 9 items) (FRA),% of household members living in a household that cannot afford at least 4 of 9 basic items (classic severe material deprivation),All members of surveyed households,member,hhweight_final,binary,living conditions,All members of surveyed households,FRA,,,person,household head,FRA
fra_matdepr4ch,Severe material deprivation (FRA Framework),Children under 18 in severe material deprivation (4 or more of 9 items) (FRA),% of household members under 18 in households that cannot afford at least 4 of 9 basic items,"All children in the surveyed households, who are aged 0–17",member,hhweight_final,binary,living conditions,All children in the surveyed households,FRA,,,person,household head,FRA
fra_si08_02,Severe material deprivation (FRA Framework),Cannot afford meal with meat/chicken/fish every second day (FRA),"% of household members living in a household that cannot afford a meal with meat, chicken or fish (or vegetarian equivalent) every second day",All members of surveyed households,member,hhweight_final,binary,living conditions,All members of surveyed households,FRA,,,person,household head,FRA
fra_hunger,Living conditions,Went to bed hungry in the past month (lack of money for food) (FRA),% of household members living in a household where someone went to bed hungry in the past month because there was not enough money for food,All members of surveyed households,member,hhweight_final,binary,living conditions,All members of surveyed households,FRA,,,person,household head,FRA
fra_hungerch,Living conditions,Children under 18 in a household where someone went to bed hungry (FRA),% of household members under 18 in households where someone went to bed hungry in the past month,"All children in the surveyed households, who are aged 0–17",member,hhweight_final,binary,living conditions,All children in the surveyed households,FRA,,,person,household head,FRA
fra_endsmeet,Living conditions,Household makes ends meet with difficulty (FRA),% of household members living in a household that make ends meet with difficulty or great difficulty,All members of surveyed households,member,hhweight_final,binary,living conditions,All members of surveyed households,FRA,,,person,household head,FRA
fra_si07r,Living conditions,Do not have a bank account (respondents 16+) (FRA),% of household members aged 16+ living in a household with no bank account,All members of surveyed households aged 16+,member,hhweight_final,binary,living conditions,All members of surveyed households,FRA,,,person,household head,FRA
fra_ece_partic,Education,Children aged 3 to primary-start age attending early childhood education (FRA),% of household members from age 3 to the start of primary school who attend early childhood education,"All children in the surveyed households, who are aged 3 up to (but not including) primary-school starting age",member,hhweight_final,binary,education,All children in the surveyed households,FRA,,,person,household head,FRA
fra_edumax,Education,"Completed upper secondary education, ages 20–24 (FRA)",% of household members aged 20–24 who have at least upper secondary education,All members of surveyed households aged 20–24,member,hhweight_final,binary,education,All members of surveyed households,FRA,,,person,person,FRA
fra_hch05b2,Education,Children 6–15 in schools where all/most schoolmates are Roma (FRA),% of household members aged 6–15 who are in school and report that all or most schoolmates are Roma,"All children in the surveyed households, who are aged 6–15 and attending school",member,hhweight_final,binary,education,All children in the surveyed households,FRA,Yes,4,person,household head,FRA
fra_edu_attending_compulsoryage,Education,Attending school at compulsory age (FRA),% of household members of compulsory schooling age who are attending education,"All children in the surveyed households, who are of compulsory schooling age (country-specific)",member,hhweight_final,binary,education,All children in the surveyed households,FRA,,,person,household head,FRA
fra_early_leaver,Education,Early leavers from education and training (18–24) (FRA),% of household members aged 18–24 who left education early (below upper secondary and not in education),All members of surveyed households aged 18–24 with a valid education answer,member,hhweight_final,binary,education,All members of surveyed households,FRA,Yes,5,person,person,FRA
fra_edutert,Education,Aged 30–34 with tertiary education (FRA),% of household members aged 30–34 who have tertiary education,All members of surveyed households aged 30–34,member,hhweight_final,binary,education,All members of surveyed households,FRA,,,person,person,FRA
fra_work,Employment,"Main activity is paid work, ages 20–64 (FRA)",% of household members aged 20–64 whose main activity is paid work,All members of surveyed households aged 20–64,member,hhweight_final,binary,work and employment,All members of surveyed households,FRA,,,person,person,FRA
fra_neet,Employment,"NEET, ages 16–24 (FRA)","% of household members aged 16–24 who are not in employment, education or training",All members of surveyed households aged 16–24,member,hhweight_final,binary,work and employment,All members of surveyed households,FRA,,,person,person,FRA
fra_dhe01_r,Health,"Good or very good self-rated health, ages 16+ (FRA)",% of household members aged 16+ who rate their health as very good or good,All members of surveyed households aged 16+,member,hhweight_final,binary,health,All members of surveyed households,FRA,,,person,person,FRA
fra_hea_insurance,Health,"Has medical insurance, ages 16+ (FRA)",% of household members aged 16+ who have medical insurance coverage,All members of surveyed households aged 16+,member,hhweight_final,binary,health,All members of surveyed households,FRA,,,person,person,FRA
fra_overcrowd,Housing / living conditions,Overcrowding (Eurostat rooms rule) (FRA),% of household members living in overcrowded housing (Eurostat rooms rule),All members of surveyed households with valid rooms information,member,hhweight_final,binary,living conditions,All members of surveyed households,FRA,,,person,household head,FRA
fra_hls04_1r,Housing / living conditions,No tap water inside the dwelling (FRA),% of household members living in a dwelling with no tap water inside,All members of surveyed households,member,hhweight_final,binary,living conditions,All members of surveyed households,FRA,,,person,household head,FRA
fra_sanitation1,Housing / living conditions,Neither toilet nor shower/bathroom inside (FRA),% of household members living in a dwelling with neither a toilet nor a shower/bathroom inside,All members of surveyed households,member,hhweight_final,binary,living conditions,All members of surveyed households,FRA,,,person,household head,FRA
fra_hls06_3,Housing / living conditions,Leaking roof / damp / rot (FRA),"% of household members living in a dwelling with a leaking roof, damp walls, or rot",All members of surveyed households,member,hhweight_final,binary,living conditions,All members of surveyed households,FRA,,,person,household head,FRA
fra_eviction,Housing / living conditions,Forced to leave accommodation in past 5 years (FRA),% of household members living in a household forced to leave their accommodation in the past 5 years,All members of surveyed households,member,hhweight_final,binary,living conditions,All members of surveyed households,FRA,,,person,household head,FRA
fra_gender_employment_gap,Employment,"Gender gap in paid work (men − women, ages 20–64, pp) (FRA)","Among household members: percentage-point difference between men’s and women’s paid-work rates among ages 20–64 (FRA main-activity / last-week paid work, not ILO employment)",All members of surveyed households aged 20–64 with a valid activity status,member,hhweight_final,gender_gap,work and employment,All members of surveyed households,FRA,Yes,5,person,person,FRA
fra_dis12overall,Discrimination,Discrimination in core areas of life in the past year (ethnic ground) (FRA),% of respondents interviewed who were in a core-life situation in the past 5 years and were discriminated against in the past 12 months because they were Roma / because of ethnicity. Not combined with other grounds.,"Respondents interviewed who were in any J2 risk situation (looked for work, had a job, housing search, health, education, admin, or other core contact in the past 5 years)",individual,indweight_m3_final,binary,discrimination,Respondents interviewed,FRA,,,respondent,respondent,FRA
fra_redisoverall1,Discrimination,Reported the last discrimination incident (ethnic ground) (FRA),% of respondents interviewed who experienced ethnic-ground discrimination in the past 12 months and reported the last incident,Respondents interviewed who experienced discrimination in the past 12 months,individual,indweight_m3_final,binary,discrimination,Respondents interviewed,FRA,,,respondent,respondent,FRA
fra_dis12eduinst,Discrimination,Discrimination in education in the past year (ethnic ground) (FRA),"% of respondents interviewed who, as a student or as a parent, had contact with a school or training institution in the past 5 years and were discriminated against by staff there in the past 12 months because they were Roma / because of ethnicity. Not combined with other grounds (gender, age, disability, etc.).",Respondents interviewed who had contact with a school or training institution as a student or parent,individual,indweight_m3_final,binary,discrimination,Respondents interviewed,FRA,Yes,5,respondent,respondent,FRA
fra_dis12atwork,Discrimination,Discrimination at work in the past year (ethnic ground) (FRA),"% of respondents interviewed who had a job in the past 5 years and were discriminated against at work in the past 12 months because they were Roma / because of ethnicity. Not combined with other grounds (gender, age, disability, etc.).",Respondents interviewed who were at risk of discrimination at work,individual,indweight_m3_final,binary,discrimination,Respondents interviewed,FRA,Yes,2,respondent,respondent,FRA
fra_dis12lkwork,Discrimination,Discrimination when looking for work in the past year (ethnic ground) (FRA),"% of respondents interviewed who looked for work in the past 5 years and were discriminated against when looking for work in the past 12 months because they were Roma / because of ethnicity. Not combined with other grounds (gender, age, disability, etc.).",Respondents interviewed who were at risk of discrimination when looking for work,individual,indweight_m3_final,binary,discrimination,Respondents interviewed,FRA,Yes,3,respondent,respondent,FRA
fra_dis12health,Discrimination,Discrimination in healthcare in the past year (ethnic ground) (FRA),"% of respondents interviewed who used health services in the past 5 years and were discriminated against in healthcare in the past 12 months because they were Roma / because of ethnicity. Not combined with other grounds (gender, age, disability, etc.).",Respondents interviewed who were at risk of discrimination in healthcare,individual,indweight_m3_final,binary,discrimination,Respondents interviewed,FRA,Yes,4,respondent,respondent,FRA
fra_dis5house,Discrimination,Discrimination when looking for housing in the past 5 years (ethnic ground) (FRA),% of respondents interviewed who looked for housing in the past 5 years and were discriminated against because they were Roma / because of ethnicity. Not combined with other grounds.,Respondents interviewed who were at risk of discrimination when looking for housing,individual,indweight_m3_final,binary,discrimination,Respondents interviewed,FRA,,,respondent,respondent,FRA
